"","x"
"1","Azolla filiculoides"
"2","Woodwardia fimbriata"
"3","Pteridium aquilinum"
"4","Dryopteris arguta"
"5","Polystichum californicum"
"6","Polystichum dudleyi"
"7","Polystichum munitum"
"8","Equisetum arvense"
"9","Equisetum hyemale"
"10","Equisetum telmateia"
"11","Marsilea vestita"
"12","Polypodium calirhiza"
"13","Adiantum aleuticum"
"14","Adiantum jordanii"
"15","Pellaea andromedifolia"
"16","Pellaea mucronata"
"17","Pentagramma triangularis"
"18","Cystopteris fragilis"
"19","Hesperocyparis macrocarpa"
"20","Sequoia sempervirens"
"21","Pinus radiata"
"22","Pinus sylvestris"
"23","Pseudotsuga menziesii"
"24","Umbellularia californica"
"25","Ceratophyllum demersum"
"26","Sambucus nigra"
"27","Amaranthus albus"
"28","Amaranthus californicus"
"29","Amaranthus retroflexus"
"30","Pistacia atlantica"
"31","Rhus integrifolia"
"32","Toxicodendron diversilobum"
"33","Osmorhiza chilensis"
"34","Angelica tomentosa"
"35","Anthriscus caucalis"
"36","Apiastrum angustifolium"
"37","Bowlesia incana"
"38","Conium maculatum"
"39","Daucus pusillus"
"40","Eryngium jepsonii"
"41","Foeniculum vulgare"
"42","Heracleum maximum"
"43","Lomatium caruifolium"
"44","Lomatium dasycarpum"
"45","Lomatium macrocarpum"
"46","Lomatium utriculatum"
"47","Oenanthe sarmentosa"
"48","Osmorhiza berteroi"
"49","Perideridia kelloggii"
"50","Sanicula bipinnata"
"51","Sanicula bipinnatifida"
"52","Sanicula crassicaulis"
"53","Sanicula laciniata"
"54","Sanicula tuberosa"
"55","Scandix pecten- veneris"
"56","Tauschia hartwegii"
"57","Tauschia kelloggii"
"58","Torilis arvensis"
"59","Torilis nodosa"
"60","Yabea microcarpa"
"61","Asclepias fascicularis"
"62","Nerium oleander"
"63","Vinca major"
"64","Aralia californica"
"65","Hedera helix"
"66","Achillea millefolium"
"67","Achyrachaena mollis"
"68","Adenocaulon bicolor"
"69","Agoseris grandiflora"
"70","Agoseris heterophylla"
"71","Anisocarpus madioides"
"72","Anthemis cotula"
"73","Arnica discoidea"
"74","Artemisia biennis"
"75","Artemisia californica"
"76","Artemisia douglasiana"
"77","Baccharis glutinosa"
"78","Baccharis pilularis"
"79","Calycadenia multiglandulosa"
"80","Carduus pycnocephalus"
"81","Carduus tenuiflorus"
"82","Centaurea calcitrapa"
"83","Centaurea melitensis"
"84","Centaurea solstitialis"
"85","Cichorium intybus"
"86","Cirsium brevistylum"
"87","Cirsium occidentale"
"88","Cirsium occidentale"
"89","Cirsium vulgare"
"90","Cotula australis"
"91","Cotula coronopifolia"
"92","Crepis vesicaria"
"93","Deinandra corymbosa"
"94","Delairea odorata"
"95","Dittrichia graveolens"
"96","Erigeron bonariensis"
"97","Erigeron canadensis"
"98","Erigeron foliosus"
"99","Erigeron karvinskianus"
"100","Erigeron philadelphicus"
"101","Erigeron sumatrensis"
"102","Eriophyllum confertiflorum"
"103","Eriophyllum lanatum"
"104","Eurybia radulina"
"105","Euthamia occidentalis"
"106","Gamochaeta ustulata"
"107","Gnaphalium palustre"
"108","Grindelia camporum"
"109","Grindelia hirsutula"
"110","Helenium puberulum"
"111","Helianthella californica"
"112","Helminthotheca echioides"
"113","Hemizonia congesta"
"114","Hesperevax"
"115","Heterotheca grandiflora"
"116","Heterotheca sessiliflora"
"117","Hieracium albiflorum"
"118","Hypochaeris glabra"
"119","Hypochaeris radicata"
"120","Lactuca saligna"
"121","Lactuca serriola"
"122","Lactuca virosa"
"123","Lagophylla ramosissima"
"124","Lapsana communis"
"125","Lasthenia californica"
"126","Lasthenia gracilis"
"127","Layia hieracioides"
"128","Layia platyglossa"
"129","Lessingia hololeuca"
"130","Lessingia pectinata"
"131","Leucanthemum maximum"
"132","Logfia gallica"
"133","Madia exigua"
"134","Madia gracilis"
"135","Madia sativa"
"136","Matricaria discoidea"
"137","Micropus californicus"
"138","Microseris douglasii"
"139","Microseris douglasii"
"140","Monolopia gracilens"
"141","Pentachaeta alsinoides"
"142","Petasites frigidus"
"143","Pseudognaphalium beneolens"
"144","Pseudognaphalium californicum"
"145","Pseudognaphalium luteoalbum"
"146","Pseudognaphalium ramosissimum"
"147","Pseudognaphalium stramineum"
"148","Psilocarphus tenellus"
"149","Rafinesquia californica"
"150","Rigiopappus leptocladus"
"151","Senecio aronicoides"
"152","Senecio minimus"
"153","Senecio vulgaris"
"154","Silybum marianum"
"155","Solidago velutina"
"156","Soliva sessilis"
"157","Sonchus asper"
"158","Sonchus oleraceus"
"159","Stebbinsoseris heterocarpa"
"160","Stephanomeria virgata"
"161","Symphyotrichum chilense"
"162","Tanacetum parthenium"
"163","Taraxacum officinale"
"164","Tragopogon porrifolius"
"165","Uropappus lindleyi"
"166","Urospermum picroides"
"167","Wyethia angustifolia"
"168","Wyethia glabra"
"169","Xanthium"
"170","Xanthium strumarium"
"171","Impatiens balfourii"
"172","Berberis pinnata"
"173","Alnus rhombifolia"
"174","Corylus cornuta"
"175","Amsinckia intermedia"
"176","Amsinckia menziesii"
"177","Cryptantha clevelandii"
"178","Cryptantha flaccida"
"179","Cryptantha micromeres"
"180","Cryptantha microstachys"
"181","Cryptantha torreyana"
"182","Cynoglossum grande"
"183","Eriodictyon californicum"
"184","Heliotropium curassavicum"
"185","Myosotis latifolia"
"186","Nemophila heterophylla"
"187","Nemophila menziesii"
"188","Nemophila parviflora"
"189","Pectocarya pusilla"
"190","Phacelia distans"
"191","Phacelia imbricata"
"192","Phacelia nemoralis"
"193","Phacelia rattanii"
"194","Pholistoma auritum"
"195","Plagiobothrys bracteatus"
"196","Plagiobothrys chorisianus"
"197","Plagiobothrys nothofulvus"
"198","Plagiobothrys tenellus"
"199","Arabis blepharophylla"
"200","Athysanus pusillus"
"201","Barbarea orthoceras"
"202","Brassica nigra"
"203","Brassica rapa"
"204","Capsella bursa-pastoris"
"205","Cardamine californica"
"206","Cardamine hirsuta"
"207","Cardamine oligosperma"
"208","Caulanthus lasiophyllus"
"209","Draba verna"
"210","Hirschfeldia incana"
"211","Iberis umbellata"
"212","Lepidium didymum"
"213","Lepidium latifolium"
"214","Lepidium nitidum"
"215","Lepidium pinnatifidum"
"216","Lepidium strictum"
"217","Lobularia maritima"
"218","Nasturtium officinale"
"219","Raphanus sativus"
"220","Rorippa curvisiliqua"
"221","Rorippa palustris"
"222","Sisymbrium officinale"
"223","Thysanocarpus curvipes"
"224","Thysanocarpus curvipes"
"225","Tropidocarpum gracile"
"226","Campanula griffinii"
"227","Heterocodon rariflorum"
"228","Triodanis biflora"
"229","Lonicera hispidula"
"230","Lonicera involucrata"
"231","Symphoricarpos albus"
"232","Symphoricarpos mollis"
"233","Cerastium glomeratum"
"234","Minuartia douglasii"
"235","Polycarpon tetraphyllum"
"236","Sagina apetala"
"237","Silene gallica"
"238","Silene laciniata"
"239","Spergula arvensis"
"240","Spergularia bocconi"
"241","Spergularia marina"
"242","Spergularia rubra"
"243","Stellaria media"
"244","Stellaria nitens"
"245","Euonymus occidentalis"
"246","Atriplex prostrata"
"247","Chenopodium album"
"248","Chenopodium berlandieri"
"249","Chenopodium californicum"
"250","Chenopodium rubrum"
"251","Chenopodium vulvaria"
"252","Dysphania ambrosioides"
"253","Dysphania multifida"
"254","Cistus incanus"
"255","Crocanthemum scoparium"
"256","Calystegia purpurata"
"257","Calystegia subacaulis"
"258","Convolvulus arvensis"
"259","Cuscuta californica"
"260","Cuscuta occidentalis"
"261","Cuscuta subinclusa"
"262","Cornus glabrata"
"263","Cornus sericea"
"264","Crassula connata"
"265","Crassula tillaea"
"266","Marah fabacea"
"267","Datisca glomerata"
"268","Dipsacus sativus"
"269","Elatine brachysperma"
"270","Arbutus menziesii"
"271","Arctostaphylos canescens"
"272","Arctostaphylos crustacea"
"273","Croton setigerus"
"274","Euphorbia lathyris"
"275","Euphorbia maculata"
"276","Euphorbia oblongata"
"277","Euphorbia peplus"
"278","Euphorbia serpyllifolia"
"279","Euphorbia"
"280","Acacia dealbata"
"281","Acacia melanoxylon"
"282","Acmispon americanus"
"283","Acmispon brachycarpus"
"284","Acmispon glaber"
"285","Acmispon parviflorus"
"286","Acmispon strigosus"
"287","Acmispon wrangelianus"
"288","Astragalus gambelianus"
"289","Genista monspessulana"
"290","Glycyrrhiza lepidota"
"291","Lathyrus latifolius"
"292","Lathyrus vestitus"
"293","Lotus corniculatus"
"294","Lupinus affinis"
"295","Lupinus bicolor"
"296","Lupinus formosus"
"297","Lupinus latifolius"
"298","Lupinus luteolus"
"299","Lupinus microcarpus"
"300","Lupinus nanus"
"301","Lupinus succulentus"
"302","Medicago arabica"
"303","Medicago lupulina"
"304","Medicago polymorpha"
"305","Medicago sativa"
"306","Melilotus albus"
"307","Melilotus indicus"
"308","Pickeringia montana"
"309","Robinia pseudoacacia"
"310","Rupertia physodes"
"311","Spartium junceum"
"312","Trifolium albopurpureum"
"313","Trifolium arvense"
"314","Trifolium barbigerum"
"315","Trifolium bifidum"
"316","Trifolium bifidum"
"317","Trifolium campestre"
"318","Trifolium cernuum"
"319","Trifolium ciliolatum"
"320","Trifolium depauperatum"
"321","Trifolium depauperatum"
"322","Trifolium dichotomum"
"323","Trifolium dubium"
"324","Trifolium fucatum"
"325","Trifolium glomeratum"
"326","Trifolium gracilentum"
"327","Trifolium hirtum"
"328","Trifolium hybridum"
"329","Trifolium microcephalum"
"330","Trifolium microdon"
"331","Trifolium oliganthum"
"332","Trifolium repens"
"333","Trifolium subterraneum"
"334","Trifolium willdenovii"
"335","Ulex europaeus"
"336","Vicia Americana"
"337","Vicia benghalensis"
"338","Vicia disperma"
"339","Vicia sativa"
"340","Vicia sativa"
"341","Vicia tetrasperma"
"342","Vicia villosa"
"343","Notholithocarpus densiflorus"
"344","Quercus agrifolia"
"345","Quercus chrysolepis"
"346","Quercus douglasii"
"347","Quercus durata"
"348","Quercus kelloggii"
"349","Quercus lobata"
"350","Quercus wislizeni"
"351","Garrya elliptica"
"352","Cicendia quadrangularis"
"353","Zeltnera davyi"
"354","Zeltnera muehlenbergii"
"355","Erodium botrys"
"356","Erodium brachycarpum"
"357","Erodium cicutarium"
"358","Erodium moschatum"
"359","Geranium dissectum"
"360","Geranium molle"
"361","Geranium purpureum"
"362","Geranium robertianum"
"363","Ribes aureum"
"364","Ribes californicum"
"365","Ribes divaricatum"
"366","Ribes malvaceum"
"367","Ribes menziesii"
"368","Ribes sanguineum"
"369","Myriophyllum aquaticum"
"370","Whipplea modesta"
"371","Hypericum calycinum"
"372","Juglans hindsii"
"373","Clinopodium douglasii"
"374","Lamium amplexicaule"
"375","Lamium purpureum"
"376","Lepechinia calycina"
"377","Marrubium vulgare"
"378","Melissa officinalis"
"379","Mentha xpiperita"
"380","Mentha pulegium"
"381","Mentha suaveolens"
"382","Monardella villosa"
"383","Pogogyne serpylloides"
"384","Prunella vulgaris"
"385","Rosmarinus officinalis"
"386","Salvia columbariae"
"387","Scutellaria tuberosa"
"388","Stachys bullata"
"389","Stachys pycnantha"
"390","Stachys rigida"
"391","Hesperolinon micranthum"
"392","Linum bienne"
"393","Ammannia robusta"
"394","Lythrum hyssopifolia"
"395","Lythrum tribracteatum"
"396","Abutilon theophrasti"
"397","Malacothamnus fasciculatus"
"398","Malva nicaeensis"
"399","Sidalcea malviflora"
"400","Calandrinia menziesii"
"401","Claytonia exigua"
"402","Claytonia parviflora"
"403","Claytonia perfoliata"
"404","Montia fontana"
"405","Ficus carica"
"406","Lysimachia arvensis"
"407","Lysimachia latifolia"
"408","Lysimachia minima"
"409","Eucalyptus globulus"
"410","Myrtus communis"
"411","Ligustrum lucidum"
"412","Ligustrum vulgare"
"413","Olea europaea"
"414","Camissoniopsis intermedia"
"415","Camissoniopsis micrantha"
"416","Clarkia purpurea"
"417","Clarkia purpurea"
"418","Clarkia rubicunda"
"419","Clarkia unguiculata"
"420","Epilobium brachycarpum"
"421","Epilobium ciliatum"
"422","Epilobium densiflorum"
"423","Epilobium minutum"
"424","Epilobium torreyi"
"425","Ludwigia peploides"
"426","Oenothera elata"
"427","Taraxia ovata"
"428","Aphyllon fasciculatum"
"429","Aphyllon purpureum"
"430","Aphyllon tuberosum"
"431","Aphyllon vallicolum"
"432","Bellardia trixago"
"433","Castilleja affinis"
"434","Castilleja attenuata"
"435","Castilleja densiflora"
"436","Castilleja exserta"
"437","Castilleja foliolosa"
"438","Castilleja rubicundula"
"439","Castilleja wightii"
"440","Cordylanthus pilosus"
"441","Cordylanthus rigidus"
"442","Parentucellia viscosa"
"443","Pedicularis densiflora"
"444","Triphysaria eriantha"
"445","Triphysaria pusilla"
"446","Oxalis corniculata"
"447","Oxalis micrantha"
"448","Oxalis oregana"
"449","Oxalis pes-caprae"
"450","Eschscholzia californica"
"451","Fumaria capreolata"
"452","Platystemon californicus"
"453","Diplacus douglasii"
"454","Diplacus aurantiacus"
"455","Erythranthe cardinalis"
"456","Erythranthe microphylla"
"457","Erythranthe guttata"
"458","Antirrhinum kelloggii"
"459","Antirrhinum vexillocalyculatum"
"460","Callitriche marginata"
"461","Collinsia heterophylla"
"462","Digitalis purpurea"
"463","Keckiella antirrhinoides"
"464","Kickxia elatine"
"465","Nuttallanthus texanus"
"466","Plantago coronopus"
"467","Plantago erecta"
"468","Plantago lanceolata"
"469","Plantago major"
"470","Veronica americana"
"471","Veronica arvensis"
"472","Veronica peregrina"
"473","Veronica persica"
"474","Collomia heterophylla"
"475","Eriastrum abramsii"
"476","Gilia achilleifolia"
"477","Gilia clivorum"
"478","Leptosiphon androsaceus"
"479","Leptosiphon bicolor"
"480","Leptosiphon liniflorus"
"481","Leptosiphon parviflorus"
"482","Leptosiphon pygmaeus"
"483","Linanthus dichotomus"
"484","Microsteris gracilis"
"485","Navarretia heterodoxa"
"486","Navarretia squarrosa"
"487","Navarretia viscidula"
"488","Polygala californica"
"489","Chorizanthe diffusa"
"490","Eriogonum luteolum"
"491","Eriogonum nudum"
"492","Persicaria amphibia"
"493","Persicaria lapathifolia"
"494","Persicaria maculosa"
"495","Persicaria punctata"
"496","Polygonum aviculare"
"497","Pterostegia drymarioides"
"498","Rumex acetosella"
"499","Rumex conglomeratus"
"500","Rumex crispus"
"501","Rumex obtusifolius"
"502","Rumex pulcher"
"503","Rumex salicifolius"
"504","Portulaca oleracea"
"505","Primula clevelandii"
"506","Primula hendersonii"
"507","Actaea rubra"
"508","Aquilegia formosa"
"509","Clematis lasiantha"
"510","Clematis ligusticifolia"
"511","Delphinium californicum"
"512","Delphinium hesperium"
"513","Delphinium patens"
"514","Myosurus minimus"
"515","Ranunculus californicus"
"516","Ranunculus hebecarpus"
"517","Ranunculus muricatus"
"518","Ranunculus uncinatus"
"519","Thalictrum fendleri"
"520","Ceanothus cuneatus"
"521","Ceanothus oliganthus"
"522","Frangula californica"
"523","Frangula californica"
"524","Rhamnus crocea"
"525","Rhamnus ilicifolia"
"526","Adenostoma fasciculatum"
"527","Amelanchier utahensis"
"528","Aphanes occidentalis"
"529","Cercocarpus betuloides"
"530","Cotoneaster pannosus"
"531","Crataegus monogyna"
"532","Drymocallis glandulosa"
"533","Duchesnea indica"
"534","Fragaria vesca"
"535","Heteromeles arbutifolia"
"536","Holodiscus discolor"
"537","Horkelia californica"
"538","Oemleria cerasiformis"
"539","Physocarpus capitatus"
"540","Prunus emarginata"
"541","Prunus ilicifolia"
"542","Prunus cerasifera"
"543","Prunus subcordata"
"544","Prunus virginiana"
"545","Pyracantha fortuneana"
"546","Rosa banksiae"
"547","Rosa californica"
"548","Rosa gymnocarpa"
"549","Rosa laevigata"
"550","Rubus armeniacus"
"551","Rubus parviflorus"
"552","Rubus ursinus"
"553","Galium aparine"
"554","Galium californicum"
"555","Galium murale"
"556","Galium parisiense"
"557","Galium porrigens"
"558","Galium triflorum"
"559","Sherardia arvensis"
"560","Populus trichocarpa"
"561","Salix exigua"
"562","Salix laevigata"
"563","Salix lasiandra"
"564","Salix lasiolepis"
"565","Acer macrophyllum"
"566","Acer negundo"
"567","Aesculus californica"
"568","Boykinia occidentalis"
"569","Heuchera micrantha"
"570","Lithophragma affine"
"571","Lithophragma heterophyllum"
"572","Micranthes californica"
"573","Tellima grandiflora"
"574","Limosella acaulis"
"575","Scrophularia californica"
"576","Verbascum thapsus"
"577","Ailanthus altissima"
"578","Datura stramonium"
"579","Lycopersicon esculentum"
"580","Nicotiana acuminata"
"581","Petunia parviflora"
"582","Physalis philadelphica"
"583","Solanum americanum"
"584","Solanum umbelliferum"
"585","Dirca occidentalis"
"586","Ulmus minor"
"587","Hesperocnide tenella"
"588","Soleirolia soleirolii"
"589","Urtica dioica"
"590","Plectritis ciliosa"
"591","Plectritis congesta"
"592","Plectritis macrocera"
"593","Phyla nodiflora"
"594","Verbena bonariensis"
"595","Verbena lasiostachys"
"596","Verbena lasiostachys"
"597","Viola ocellata"
"598","Phoradendron leucarpum"
"599","Parthenocissus quinquefolia"
"600","Vitis vinifera"
"601","Tribulus terrestris"
"602","Chlorogalum pomeridianum"
"603","Alisma triviale"
"604","Echinodorus berteroi"
"605","Allium amplectens"
"606","Allium falcifolium"
"607","Allium lacunosum"
"608","Allium peninsulare"
"609","Allium triquetrum"
"610","Allium unifolium"
"611","Amaryllis belladonna"
"612","Narcissus pseudonarcissus"
"613","Narcissus tazetta"
"614","Lemna minor"
"615","Lemna minuta"
"616","Spirodela polyrhiza"
"617","Zantedeschia aethiopica"
"618","Asparagus officinalis"
"619","Kniphofia uvaria"
"620","Bolboschoenus maritimus"
"621","Carex amplifolia"
"622","Carex barbarae"
"623","Carex bolanderi"
"624","Carex densa"
"625","Carex divulsa"
"626","Carex globosa"
"627","Carex gracilior"
"628","Carex harfordii"
"629","Carex nudata"
"630","Carex serratodens"
"631","Carex subbracteata"
"632","Carex tumulicola"
"633","Cyperus difformis"
"634","Cyperus eragrostis"
"635","Cyperus erythrorhizos"
"636","Eleocharis macrostachya"
"637","Schoenoplectus acutus"
"638","Scirpus microcarpus"
"639","Najas guadalupensis"
"640","Najas marina"
"641","Iris douglasiana"
"642","Iris foetidissima"
"643","Iris pseudacorus"
"644","Sisyrinchium bellum"
"645","Juncus bolanderi"
"646","Juncus bufonius"
"647","Juncus bufonius"
"648","Juncus effusus"
"649","Juncus hesperius"
"650","Juncus occidentalis"
"651","Juncus patens"
"652","Juncus phaeocephalus"
"653","Juncus xiphioides"
"654","Luzula comosa"
"655","Triglochin scilloides"
"656","Calochortus albus"
"657","Calochortus argillosus"
"658","Calochortus luteus"
"659","Fritillaria affinis"
"660","Hyacinthoides hispanica"
"661","Lilium pardalinum"
"662","Prosartes hookeri"
"663","Scoliopus bigelovii"
"664","Toxicoscordion fremontii"
"665","Trillium chloropetalum"
"666","Corallorhiza maculata"
"667","Corallorhiza maculata"
"668","Corallorhiza striata"
"669","Epipactis helleborine"
"670","Piperia elegans"
"671","Piperia michaelii"
"672","Piperia transversa"
"673","Agrostis avenacea"
"674","Agrostis capillaris"
"675","Agrostis exarata"
"676","Agrostis hallii"
"677","Agrostis microphylla"
"678","Agrostis pallens"
"679","Agrostis stolonifera"
"680","Aira caryophyllea"
"681","Anthoxanthum occidentale"
"682","Arrhenatherum elatius"
"683","Avena barbata"
"684","Avena fatua"
"685","Brachypodium distachyon"
"686","Brachypodium sylvaticum"
"687","Briza maxima"
"688","Briza minor"
"689","Bromus berteroanus"
"690","Bromus carinatus"
"691","Bromus catharticus"
"692","Bromus commutatus"
"693","Bromus diandrus"
"694","Bromus hordeaceus"
"695","Bromus laevipes"
"696","Bromus madritensis"
"697","Bromus madritensis"
"698","Bromus racemosus"
"699","Bromus sterilis"
"700","Bromus tectorum"
"701","Bromus vulgaris"
"702","Calamagrostis koelerioides"
"703","Calamagrostis rubescens"
"704","Cortaderia selloana"
"705","Crypsis schoenoides"
"706","Crypsis vaginiflora"
"707","Cynodon dactylon"
"708","Cynosurus echinatus"
"709","Dactylis glomerata"
"710","Danthonia californica"
"711","Deschampsia danthonioides"
"712","Deschampsia elongata"
"713","Digitaria sanguinalis"
"714","Echinochloa crus-galli"
"715","Ehrharta erecta"
"716","Elymus glaucus"
"717","Elymus glaucus"
"718","Elymus multisetus"
"719","Elymus triticoides"
"720","Eragrostis mexicana"
"721","Eragrostis pectinacea"
"722","Festuca arundinacea"
"723","Festuca bromoides"
"724","Festuca californica"
"725","Festuca elmeri"
"726","Festuca microstachys"
"727","Festuca myuros"
"728","Festuca octoflora"
"729","Festuca perennis"
"730","Festuca rubra"
"731","Festuca temulenta"
"732","Gastridium phleoides"
"733","Glyceria xoccidentalis"
"734","Hainardia cylindrica"
"735","Holcus lanatus"
"736","Hordeum brachyantherum"
"737","Hordeum marinum"
"738","Hordeum murinum"
"739","Hordeum murinum"
"740","Koeleria macrantha"
"741","Leptochloa fusca"
"742","Leptochloa fusca"
"743","Melica californica"
"744","Melica imperfecta"
"745","Melica subulata"
"746","Melica torreyana"
"747","Panicum capillare"
"748","Paspalum dilatatum"
"749","Paspalum distichum"
"750","Phalaris aquatica"
"751","Phalaris brachystachys"
"752","Phalaris californica"
"753","Phalaris lemmonii"
"754","Phalaris paradoxa"
"755","Pleuropogon californicus"
"756","Poa annua"
"757","Poa bulbosa"
"758","Poa howellii"
"759","Poa pratensis"
"760","Poa secunda"
"761","Polypogon interruptus"
"762","Polypogon monspeliensis"
"763","Polypogon viridis"
"764","Scribneria bolanderi"
"765","Setaria viridis"
"766","Stipa lepida"
"767","Stipa miliacea"
"768","Stipa pulchra"
"769","Trisetum canescens"
"770","Potamogeton crispus"
"771","Potamogeton foliosus"
"772","Potamogeton illinoensis"
"773","Potamogeton pusillus"
"774","Stuckenia pectinata"
"775","Maianthemum racemosum"
"776","Maianthemum stellatum"
"777","Brodiaea elegans"
"778","Brodiaea terrestris"
"779","Dichelostemma capitatum"
"780","Dichelostemma congestum"
"781","Dichelostemma multiflorum"
"782","Triteleia hyacinthina"
"783","Triteleia ixioides"
"784","Triteleia laxa"
"785","Sparganium eurycarpum"
"786","Typha angustifolia"
"787","Typha latifolia"
