	binom	common
0	Abies lasiocarpa	Subalpine fir
1	Acacia baileyana	Cootamundra wattle
2	Acacia dealbata	Silver wattle
3	Acacia melanoxylon	Blackwood acacia
4	Acacia paradoxa	Kangaroo thorn
5	Acacia retinodes	Ever blooming acacia
6	Acacia verticillata	Star acacia
7	Acaena pinnatifida	Argentinian biddy biddy
8	Acaena pinnatifida var. californica	California acaena
9	Acanthomintha lanceolata	Santa clara thorn mint
10	Acer campestre	Hedge maple
11	Acer macrophyllum	Bigleaf maple
12	Acer negundo	Boxelder
13	Achillea millefolium	Yarrow
14	Achyrachaena mollis	Blow wives
15	Acmispon americanus	American bird's foot trefoil
16	Acmispon americanus var. americanus	Spanish lotus
17	Acmispon brachycarpus	Short podded lotus
18	Acmispon glaber	Deerweed
19	Acmispon glaber var. glaber	Deerweed
20	Acmispon maritimus	Coastal lotus
21	Acmispon maritimus var. maritimus	Coastal lotus
22	Acmispon parviflorus	Hill lotus
23	Acmispon strigosus	Strigose lotus
24	Acmispon wrangelianus	Chilean trefoil
25	Acroptilon repens	Russian knapweed
26	Actaea rubra	Baneberry
27	Adenocaulon bicolor	Trail plant
28	Adenostoma fasciculatum	Chamise
29	Adenostoma fasciculatum var. fasciculatum	Chamise
30	Adiantum aleuticum	Five finger maidenhair
31	Adiantum capillus-veneris	Maidenhair fern
32	Adiantum jordanii	California maidenhair fern
33	Aegilops cylindrica	Jointed goatgrass
34	Aegilops triuncialis	Goatgrass
35	Aeonium arboreum	Tree aenium
36	Aesculus californica	Buckeye
37	Agastache urticifolia	Horse mint
38	Agave americana	American century plant
39	Ageratina adenophora	Thoroughwort
40	Agoseris apargioides	Coast dandelion
41	Agoseris apargioides var. apargioides	Coast dandelion
42	Agoseris glauca	Short beaked agoseris
43	Agoseris glauca var. glauca	Short beaked agoseris
44	Agoseris grandiflora	Giant mountain dandelion
45	Agoseris grandiflora var. grandiflora	Giant mountain dandelion
46	Agoseris heterophylla	Mountain dandelion
47	Agoseris heterophylla var. cryptopleura	Mountain dandelion
48	Agoseris heterophylla var. heterophylla	Annual agoseris
49	Agoseris hirsuta	Woolly goat chicory
0	Agoseris retrorsa	Spear leaved agoseris
1	Agropyron cristatum	Crested wheatgrass
2	Agropyron cristatum ssp. pectinatum	Crested wheatgrass
3	Agropyron fragile	Crested wheatgrass
4	Agrostemma githago	Common corncockle
5	Agrostemma githago var. githago	Common corncockle
6	Agrostis avenacea	Pacific bentgrass
7	Agrostis capillaris	Colonial bentgrass
8	Agrostis exarata	Bentgrass
9	Agrostis gigantea	Creeping bentgras
10	Agrostis hallii	Hall's bent grass
11	Agrostis microphylla	Little leaf bentgrass
12	Agrostis pallens	Diego bent grass
13	Agrostis stolonifera	Redtop
14	Ailanthus altissima	Tree of heaven
15	Aira caryophyllea	Silvery hairgrass
16	Albizia julibrissin	Silktree
17	Alcea rosea	Holly hock
18	Alisma triviale	Northern water plantain
19	Alliaria petiolata	Garlic mustard
20	Allium amplectens	Narrow leaved onion
21	Allium bolanderi	Bolander's onion
22	Allium bolanderi var. bolanderi	Bolander's onion
23	Allium cratericola	Cascade onion
24	Allium diabolense	Diablo onion
25	Allium falcifolium	Sickle leaf onion
26	Allium fimbriatum	Wild onion
27	Allium hyalinum	Glassy onion
28	Allium lacunosum	Pitted onion
29	Allium lacunosum var. lacunosum	Pitted onion
30	Allium neapolitanum	White garlic
31	Allium peninsulare	Mexicali onion
32	Allium peninsulare var. franciscanum	San francisco bay onion
33	Allium peninsulare var. peninsulare	Mexicali onion
34	Allium serra	Jeweled onion
35	Allium sharsmithiae	Sharsmith's onion
36	Allium triquetrum	White flowered onion
37	Allium unifolium	One leaf onion
38	Allium validum	Swamp onion
39	Allium vineale	Vineyard onion
40	Allophyllum divaricatum	Purple false gilia
41	Allophyllum gilioides	Dense false gilia
42	Allophyllum gilioides ssp. gilioides	Dense false gilia
43	Allophyllum gilioides ssp. violaceum	Dense false gilia
44	Alnus rhombifolia	White alder
45	Alnus rubra	Red alder
46	Amaranthus albus	Tumbleweed
47	Amaranthus blitoides	Prostrate pigweed
48	Amaranthus californicus	California amaranth
49	Amaranthus deflexus	Large fruited amaranth
0	Amaranthus palmeri	Palmer's amaranth
1	Amaranthus powellii	Powell's amaranth
2	Amaryllis belladonna	Naked lady
3	Ambrosia acanthicarpa	Annual burrweed
4	Amelanchier alnifolia	Service berry
5	Amelanchier pallida	Pallid service berry
6	Amelanchier utahensis	Pale leaved serviceberry
7	Ammi majus	Bishop's weed
8	Ammi visnaga	Bisnaga
9	Amsinckia douglasiana	Douglas' fiddleneck
10	Amsinckia intermedia	Common fiddleneck
11	Amsinckia lunaris	Bent flowered fiddleneck
12	Amsinckia menziesii	Fiddleneck
13	Amsinckia retrorsa	Rigid fiddleneck
14	Anaphalis margaritacea	Pearly everlasting
15	Anchusa azurea	Blue alkanet
16	Ancistrocarphus filagineus	Woolly fishhooks
17	Androsace elongata	California rockjasmine
18	Androsace elongata ssp. acuta	California androsace
19	Anemone oregana	Western wood anenome
20	Anemopsis californica	Yerba mansa
21	Angelica tomentosa	Woolly angelica
22	Anisocarpus madioides	Woodland madia
23	Anredera cordifolia	Mignonette vine
24	Anthemis arvensis	Corn chamomile
25	Anthemis cotula	Dog fennel
26	Anthoxanthum occidentale	California sweet grass
27	Anthriscus caucalis	Bur chevril
28	Antirrhinum cornutum	Spurred snapdragon
29	Antirrhinum kelloggii	Lax snapdragon
30	Antirrhinum majus	Garden snapdragon
31	Antirrhinum multiflorum	Sticky snapdragon
32	Antirrhinum vexillocalyculatum	Wiry snapdragon
33	Antirrhinum vexillocalyculatum ssp. vexillocalyculatum	Wiry snapdragon
34	Aphanes occidentalis	Ladie's mantle
35	Aphyllon fasciculatum	Clustered broomrape
36	Aphyllon tuberosum	Chaparral broomrape
37	Apiastrum angustifolium	Wild celery
38	Apium graveolens	Celery
39	Apocynum cannabinum	Indian hemp
40	Aquilegia eximia	Vanhoutte's columbine
41	Aquilegia formosa	Columbine
42	Arabis blepharophylla	Coast rock cress
43	Aralia californica	California spikenard
44	Araujia sericifera	Bladderflower
45	Arbutus menziesii	Madrono
46	Arbutus unedo	Strawberry tree
47	Arceuthobium campylopodum	Pine dwarf mistletoe
48	Arctium lappa	Greater burdock
49	Arctostaphylos andersonii	Santa cruz manzanita
0	Arctostaphylos canescens	Hoary manzanita
1	Arctostaphylos canescens ssp. canescens	Hoary manzanita
2	Arctostaphylos crustacea	Brittle leaf manzanita
3	Arctostaphylos crustacea ssp. crinita	Crinite manzanita
4	Arctostaphylos crustacea ssp. crustacea	Brittle leaf manzanita
5	Arctostaphylos densiflora	Vine hill manzanita
6	Arctostaphylos glandulosa	Eastwood manzanita
7	Arctostaphylos glandulosa ssp. cushingiana	Cushing manzanita
8	Arctostaphylos glandulosa ssp. glandulosa	Eastwood manzanita
9	Arctostaphylos glauca	Big berry manzanita
10	Arctostaphylos manzanita	Common manzanita
11	Arctostaphylos manzanita ssp. manzanita	Common manzanita
12	Arctostaphylos nummularia	Shatterberry
13	Arctostaphylos regismontana	Kings mtn. manzanita
14	Arctostaphylos sensitiva	Glossyleaf manzanita
15	Arctostaphylos silvicola	Bonny doon manzanita
16	Arctostaphylos tomentosa	Woolly leaf manzanita
17	Arctostaphylos ×campbelliae	
18	Arctotheca prostrata	Prostrate cape weed
19	Aristolochia californica	California pipevine
20	Arnica cordifolia	Heart leaved arnica
21	Arnica discoidea	Rayless arnica
22	Arrhenatherum elatius	Tall oatgrass
23	Artemisia biennis	Biennial sagewort
24	Artemisia californica	Coastal sage brush
25	Artemisia douglasiana	California mugwort
26	Artemisia dracunculus	Tarragon
27	Arthrocnemum subterminale	Parish's glasswort
28	Arum italicum	Italian lords and ladies
29	Arundo donax	Giant reed
30	Asarum caudatum	Creeping wild ginger
31	Asclepias californica	California milkweed
32	Asclepias fascicularis	narrow leaf milkweed
33	Asclepias speciosa	Showy milkweed
34	Asparagus asparagoides	African asparagus fern
35	Asparagus officinalis	Garden asparagus
36	Asparagus officinalis ssp. officinalis	Asparagus
37	Astragalus didymocarpus	Dwarf white milk vetch
38	Astragalus didymocarpus var. dispermus	Notch leaved locoweed
39	Astragalus gambelianus	Loco weed
40	Astragalus lentiginosus	Freckled milk vetch
41	Astragalus lentiginosus var. idriensis	New idria milk vetch
42	Astragalus tener	Alkali milk vetch
43	Astragalus tener var. tener	Alkali milk vetch
44	Asyneuma prenanthoides	California harebell
45	Athyrium filix-femina	Common ladyfern
46	Athyrium filix-femina var. cyclosorum	Western lady fern
47	Athysanus pusillus	Dwarf athysanus
48	Atriplex dioica	Spike saltbush
49	Atriplex hortensis	Garden orache
0	Atriplex lentiformis	Big saltbush
1	Atriplex patula	Spear oracle
2	Atriplex prostrata	Fat-hen
3	Atriplex rosea	Redscale
4	Atriplex semibaccata	Australian saltbush
5	Avena barbata	Slim oat
6	Avena fatua	Wildoats
7	Avena sativa	Wild oat
8	Azolla filiculoides	Mosquito fern
9	Baccharis glutinosa	Salt Marsh baccharis
10	Baccharis pilularis	Coyote brush
11	Baccharis pilularis ssp. consanguinea	Coyote brush
12	Baccharis pilularis ssp. pilularis	Coyote brush
13	Baccharis salicifolia	Mule fat
14	Baccharis salicifolia ssp. salicifolia	Mule fat
15	Balsamorhiza macrolepis	Big scale balsam root
16	Barbarea orthoceras	Winter cress
17	Barbarea verna	Wintercress
18	Bassia hyssopifolia	Five horn bassia
19	Bellardia trixago	Mediterranean lineseed
20	Bellis perennis	English lawn daisy
21	Berberis aquifolium	Mountain grape
22	Berberis aquifolium var. dictyota	Jepson's oregon grape
23	Berberis pinnata	Shiny leaf mahonia
24	Berberis pinnata ssp. pinnata	Coast barberry
25	Berula erecta	Cut leaved water parsnip
26	Beta vulgaris	Beet
27	Betula occidentalis	Water birch
28	Bidens frondosa	Sticktight
29	Bidens laevis	Bur marigold
30	Bloomeria crocea	Golden stars
31	Bloomeria crocea var. montana	Mountain goldenstar
32	Boechera breweri	Brewer's rock cress
33	Boechera breweri ssp. breweri	Brewer's rockcress
34	Boechera rubicundula	Mount day rockcress
35	Bolboschoenus fluviatilis	River bulrush
36	Bolboschoenus maritimus	Alkali bulrush
37	Bolboschoenus maritimus ssp. paludosus	Saltmarsh bulrush
38	Borago officinalis	Common borage
39	Bowlesia incana	Bowlesia
40	Boykinia occidentalis	Western boykinia
41	Brachypodium distachyon	Purple false brome
42	Brachypodium sylvaticum	Slender false brome
43	Brassica juncea	India mustard
44	Brassica nigra	Black mustard
45	Brassica rapa	Common mustard
46	Brassica rapa var. rapa	Turnip
47	Brickellia californica	California brickellia
48	Briza maxima	Rattlesnake grass
49	Briza minor	Little rattlesnake grass
0	Brodiaea appendiculata	Hoover's brodiaea
1	Brodiaea coronaria	Harvest brodiaea
2	Brodiaea elegans	Harvest brodiaea
3	Brodiaea elegans ssp. elegans	Harvest brodiaea
4	Brodiaea stellaris	Star flowered brodiaea
5	Brodiaea terrestris	Dwarf brodiaea
6	Brodiaea terrestris ssp. terrestris	Dwarf brodiaea
7	Bromus arenarius	Australian chess
8	Bromus berteroanus	Chilean chess
9	Bromus carinatus	California bromegrass
10	Bromus carinatus var. carinatus	California brome
11	Bromus carinatus var. marginatus	Mountain brome
12	Bromus catharticus	Rescue grass
13	Bromus catharticus var. elatus	Chilean brome
14	Bromus ciliatus	Fringed bromegrass
15	Bromus commutatus	Hairy chess, meadow brome
16	Bromus diandrus	Ripgut brome
17	Bromus grandis	Tall brome
18	Bromus hordeaceus	Soft chess
19	Bromus inermis	Smooth brome
20	Bromus japonicus	Hairy chess
21	Bromus laevipes	Narrow flowered brome
22	Bromus madritensis	Foxtail chess, foxtail brome
23	Bromus madritensis ssp. madritensis	Foxtail chess
24	Bromus madritensis ssp. rubens	Foxtail brome
25	Bromus pseudolaevipes	Southern chinook brome
26	Bromus sterilis	Sterile brome
27	Bromus tectorum	Downy chess
28	Bromus vulgaris	Common brome
29	Buddleja davidii	Butterfly bush
30	Cakile maritima	Sea rocket
31	Calamagrostis koelerioides	Fire reedgrass
32	Calamagrostis rubescens	Pinegrass
33	Calandrinia breweri	Brewer's calandrinia
34	Calandrinia menziesii	Red maids
35	Calendula arvensis	Field marigold
36	Calendula officinalis	Pot marigold
37	California macrophylla	Round leaved filaree
38	Callitriche fassettii	Fassett's water starwort
39	Callitriche marginata	Winged water starwort
40	Callitriche trochlearis	Water starwort
41	Calocedrus decurrens	Incense cedar
42	Calochortus albus	White fairy lantern
43	Calochortus amabilis	Golden fairy lantern
44	Calochortus argillosus	Clay mariposa
45	Calochortus invenustus	Plain mariposa
46	Calochortus luteus	Yellow mariposa
47	Calochortus superbus	Yellow mariposa
48	Calochortus tolmiei	Hairy star tulip
49	Calochortus umbellatus	Oakland mariposa lily
0	Calochortus uniflorus	Large flowered star tulip
1	Calochortus venustus	Butterfly mariposa lily
2	Calycadenia fremontii	Fremont's calycadenia
3	Calycadenia multiglandulosa	Rosin weed
4	Calycadenia truncata	Rosin weed
5	Calycanthus occidentalis	Spicebush
6	Calyptridium monandrum	Common pussypaws
7	Calyptridium parryi	Parry's pussypaws
8	Calyptridium parryi var. hesseae	Santa cruz mtns. pussypaws
9	Calystegia collina	Hillside morning glory
10	Calystegia collina ssp. collina	Hillside morning glory
11	Calystegia collina ssp. venusta	South coast range morning glory
12	Calystegia malacophylla	Morning glory
13	Calystegia malacophylla ssp. pedicellata	Jepson's morning glory
14	Calystegia occidentalis	Bush morning glory
15	Calystegia occidentalis ssp. occidentalis	Modoc morning glory
16	Calystegia purpurata	Smooth western morning glory
17	Calystegia purpurata ssp. purpurata	Smooth western morning glory
18	Calystegia subacaulis	Hill morning glory
19	Calystegia subacaulis ssp. episcopalis	Cambria morning glory
20	Calystegia subacaulis ssp. subacaulis	Cambria morning glory
21	Camissonia campestris	Field primrose
22	Camissonia campestris ssp. campestris	Field sun cup
23	Camissonia contorta	Contorted sun cup
24	Camissonia lacustris	Lakebed sun cup
25	Camissonia strigulosa	Contorted primrose
26	Camissoniopsis hirtella	Hairy sun cup
27	Camissoniopsis ignota	Jurupa hills sun cup
28	Camissoniopsis intermedia	Intermediate sun cups
29	Camissoniopsis micrantha	Spencer primrose
30	Campanula exigua	Chaparral harebell
31	Campanula sharsmithiae	Sharsmith's harebell
32	Campsis radicans	Trumpet creeper
33	Cannabis sativa	Herb
34	Capsella bursa-pastoris	Shepherd's purse
35	Cardamine californica	Bitter cress
36	Cardamine hirsuta	Hairy bitter cress
37	Cardamine oligosperma	Idaho bittercress
38	Cardamine pachystigma var. dissectifolia	Dissected leaf toothwort
39	Carduus pycnocephalus	Italian thistle
40	Carduus pycnocephalus ssp. pycnocephalus	Italian thistle
41	Carduus tenuiflorus	Slender flowered thistle
42	Carex aurea	Golden fruited sedge
43	Carex barbarae	Valley sedge
44	Carex bolanderi	Bolander's sedge
45	Carex densa	Sedge
46	Carex globosa	Round fruit sedge
47	Carex gracilior	Slender sedge
48	Carex hassei	Hasse's sedge
49	Carex nudata	Torrent sedge
0	Carex obnupta	Slough sedge
1	Carex pendula	Hanging sedge
2	Carex praegracilis	Field sedge
3	Carex senta	Rough sedge
4	Carex serratodens	Bifid sedge
5	Carex subbracteata	Small bract sedge
6	Carex subfusca	Brown sedge
7	Carex tumulicola	Split awn sedge
8	Carpobrotus chilensis	Sea fig
9	Carpobrotus edulis	Iceplant
10	Carthamus creticus	Smooth distaff thistle
11	Carthamus lanatus	Woolly distaff thistle
12	Carthamus tinctorius	Safflower
13	Castilleja affinis	Indian paintbrush
14	Castilleja affinis ssp. affinis	Wight's indian paint brush
15	Castilleja affinis ssp. neglecta	Tiburon indian paintbrush
16	Castilleja affinis var. neglecta	Tiburon paintbrush
17	Castilleja applegatei	Wavy leaf paintbrush
18	Castilleja applegatei ssp. martinii	Martin's paintbrush
19	Castilleja attenuata	Narrow leaved owl's clover
20	Castilleja densiflora	Dense flower owl's clover
21	Castilleja densiflora ssp. densiflora	Dense flower owl's clover
22	Castilleja exserta	Owl's clover
23	Castilleja exserta ssp. exserta	Purple owl's clover
24	Castilleja exserta ssp. latifolia	Purple owl's clover
25	Castilleja foliolosa	Texas paintbrush
26	Castilleja minor	Little paintbrush
27	Castilleja minor ssp. spiralis	Lesser paintbrush
28	Castilleja rubicundula	Cream sacs
29	Castilleja rubicundula ssp. lithospermoides	Cream sacs
30	Castilleja rubicundula ssp. rubicundula	Cream sacs
31	Castilleja rubicundula var. rubicundula	Pink creamsacs
32	Castilleja subinclusa	Franciscan paint brush
33	Castilleja subinclusa ssp. franciscana	Franciscan paintbrush
34	Castilleja wightii	Wight's paintbrush
35	Caulanthus lasiophyllus	California mustard
36	Ceanothus cuneatus	Buck brush
37	Ceanothus cuneatus var. cuneatus	Buck brush
38	Ceanothus cuneatus var. ramulosus	Buck brush
39	Ceanothus dentatus	Dwarf ceanothus
40	Ceanothus ferrisiae	Coyote ceanothus
41	Ceanothus foliosus	Wavy leaved ceanothus
42	Ceanothus foliosus var. foliosus	Wavy leaved ceanothus
43	Ceanothus foliosus var. medius	La cuesta ceanothus
44	Ceanothus incanus	Coast whitethorn
45	Ceanothus integerrimus	Deer brush
46	Ceanothus integerrimus var. macrothyrsus	Deerbrush
47	Ceanothus leucodermis	Chaparral whitethorn
48	Ceanothus oliganthus	Hairy ceanothus
49	Ceanothus oliganthus var. sorediatus	Jim brush
0	Ceanothus palmeri	Palmer's ceanothus
1	Ceanothus papillosus	Wartleaf ceanothus
2	Ceanothus thyrsiflorus	Blueblossom
3	Centaurea benedicta	Blessed thistle
4	Centaurea calcitrapa	Purple star thistle
5	Centaurea cyanus	Batchelor's button
6	Centaurea diffusa	Diffuse knapweed
7	Centaurea iberica	Iberian knapweed
8	Centaurea melitensis	Tocalote
9	Centaurea solstitialis	Yellow starthistle
10	Centaurea stoebe	Spotted knapweed
11	Centaurea stoebe ssp. micranthos	Spotted knapweed
12	Centaurea sulphurea	Sicilian starthistle
13	Centranthus ruber	Jupiter's beard
14	Centromadia fitchii	Spikeweed
15	Centromadia parryi	Pappose tarweed
16	Centromadia parryi ssp. congdonii	Congdon's tarplant
17	Centromadia parryi ssp. rudis	Pappose tarweed
18	Centromadia pungens	Common tarweed
19	Centromadia pungens ssp. pungens	Common tarweed
20	Cerastium arvense	Meadow chickweed
21	Cerastium fontanum	Common mouse ear chickweed
22	Cerastium fontanum ssp. vulgare	Common chickweed
23	Cerastium glomeratum	Large mouse ears
24	Cerastium viride	Field chickweed
25	Ceratonia siliqua	St. john's bread
26	Ceratophyllum demersum	Hornwort
27	Cercis occidentalis	Western redbud
28	Cercocarpus betuloides	Birch leaf mountain mahogany
29	Cercocarpus betuloides var. betuloides	Birch leaf mountain mahogany
30	Chaenactis glabriuscula	Common yellow chaenactis
31	Chaenactis glabriuscula var. glabriuscula	Common yellow chaenactis
32	Chaenactis glabriuscula var. heterocarpha	Variable fruited yellow chaenactis
33	Chaenactis glabriuscula var. megacephala	Big headed yellow chaenactis
34	Chamaecyparis lawsoniana	Port orford cedar
35	Chamaemelum fuscatum	Dusky dog fennel
36	Chamaemelum nobile	Russian chamomile
37	Chasmanthe bicolor	Chasmanthe
38	Chenopodium album	Lambs quarters
39	Chenopodium berlandieri	Pit seed goosefoot
40	Chenopodium berlandieri var. zschackei	Pit seed goosefoot
41	Chenopodium californicum	California goosefoot
42	Chenopodium murale	Nettle leaf goosefoot
43	Chenopodium pratericola	Meadow goosefoot
44	Chenopodium vulvaria	Stinking goosefoot
45	Chlorogalum pomeridianum	Amole
46	Chlorogalum pomeridianum var. minus	Dwarf soaproot
47	Chlorogalum pomeridianum var. pomeridianum	Common soaproot
48	Chloropyron maritimum	Salt marsh bird's beak
49	Chloropyron maritimum ssp. maritimum	Salt marsh bird's-beak
0	Chloropyron maritimum ssp. palustre	Point reyes bird's-beak
1	Chondrilla juncea	Skeleton weed
2	Chorizanthe clevelandii	Cleveland's spineflower
3	Chorizanthe diffusa	Diffuse spineflower
4	Chorizanthe douglasii	Douglas's spineflower
5	Chorizanthe membranacea	Pink spineflower
6	Chorizanthe pungens	Monterey spineflower
7	Chorizanthe pungens var. hartwegiana	Ben lomond spineflower
8	Chorizanthe robusta	Robust spineflower
9	Chorizanthe robusta var. robusta	Robust spineflower
10	Chrysolepis chrysophylla	Golden chinquapin
11	Chrysolepis chrysophylla var. chrysophylla	Golden chinquapin
12	Chrysolepis chrysophylla var. minor	Bush chinquapin
13	Cichorium intybus	Chicory
14	Cirsium arvense	Canada thistle
15	Cirsium brevistylum	Indian thistle
16	Cirsium cymosum	Peregrine thistle
17	Cirsium cymosum var. cymosum	Peregrine thistle
18	Cirsium fontinale	Fountain thistle
19	Cirsium fontinale var. campylon	Mt. hamilton thistle
20	Cirsium occidentale	Western thistle
21	Cirsium occidentale var. californicum	California thistle
22	Cirsium occidentale var. occidentale	Cobweb thistle
23	Cirsium occidentale var. venustum	Coulter's thistle
24	Cirsium praeteriens	Palo alto thistle
25	Cirsium vulgare	Bullthistle
26	Cistus incanus	Hairy rockrose
27	Clarkia affinis	Chaparral fairyfan
28	Clarkia amoena	Farewell to spring
29	Clarkia bottae	Punch bowl godetia
30	Clarkia breweri	Brewer's clarkia
31	Clarkia concinna	Red ribbons
32	Clarkia concinna ssp. automixa	Santa clara red ribbons
33	Clarkia concinna ssp. concinna	Red ribbons
34	Clarkia epilobioides	Willow herb clarkia
35	Clarkia gracilis	Graceful clarkia
36	Clarkia gracilis ssp. gracilis	Graceful clarkia
37	Clarkia lewisii	Lewis's clarkia
38	Clarkia modesta	Waltham creek clarkia
39	Clarkia purpurea	Purple clarkia
40	Clarkia purpurea ssp. purpurea	Purple clarkia
41	Clarkia purpurea ssp. quadrivulnera	Purple clarkia
42	Clarkia purpurea ssp. viminea	Large godetia
43	Clarkia rhomboidea	Tongue clarkia
44	Clarkia rubicunda	Farewell to spring
45	Clarkia unguiculata	Woodland clarkia
46	Claytonia exigua	Little spring beauty
47	Claytonia exigua ssp. exigua	Viridis
48	Claytonia exigua ssp. glauca	Blue leaved spring beauty
49	Claytonia gypsophiloides	Gypsum spring beauty
0	Claytonia parviflora	Narrow leaved miner's lettuce
1	Claytonia parviflora ssp. parviflora	Miner'slettuce
2	Claytonia perfoliata	Miner's lettuce
3	Claytonia perfoliata ssp. mexicana	Southern miner's lettuce
4	Claytonia perfoliata ssp. perfoliata	Claytonia
5	Claytonia rubra	Red stemmed spring beauty
6	Claytonia rubra ssp. rubra	Red stemmed miner's lettuce
7	Claytonia sibirica	Candy flower
8	Clematis lasiantha	Pipestem
9	Clematis ligusticifolia	Creek clematis
10	Clinopodium douglasii	Yerba buena
11	Clintonia andrewsiana	Red clintonia
12	Collinsia bartsiifolia	White collinsia
13	Collinsia bartsiifolia var. bartsiifolia	White chinese houses
14	Collinsia bartsiifolia var. davidsonii	Davidson's collinsia
15	Collinsia corymbosa	Round headed chinese houses
16	Collinsia heterophylla	Chinese houses
17	Collinsia heterophylla var. heterophylla	Purple chinese houses
18	Collinsia multicolor	San francisco collinsia
19	Collinsia parviflora	Few flowered blue eyed mary
20	Collinsia sparsiflora	Few flowered collinsia
21	Collinsia sparsiflora var. collina	Hillside collinsia
22	Collinsia sparsiflora var. sparsiflora	Few flowered collinsia
23	Collomia grandiflora	Large flowered collomia
24	Collomia heterophylla	Varied leaved collomia
25	Conium maculatum	Poison hemlock
26	Convolvulus arvensis	Field bindweed
27	Corallorhiza maculata	Summer coral root
28	Corallorhiza maculata var. occidentalis	Summer coralroot
29	Corallorhiza striata	Striped coral root
30	Cordylanthus pilosus	Hairy bird's beak
31	Cordylanthus pilosus ssp. hansenii	Hansen's bird's beak
32	Cordylanthus pilosus ssp. pilosus	Hairy bird's beak
33	Cordylanthus rigidus	Rigid bird's beak
34	Cordylanthus rigidus ssp. rigidus	Rigid bird's beak
35	Corethrogyne filaginifolia	Common sandaster
36	Corethrogyne filaginifolia var. filaginifolia	Common sandaster
37	Corethrogyne filaginifolia var. incana	San diego sand aster
38	Corethrogyne filaginifolia var. linifolia	Del mar mesa sand aster
39	Corethrogyne leucophylla	Branching beach aster
40	Coriandrum sativum	Cilantro
41	Cornus glabrata	Brown dogwood
42	Cornus nuttallii	Mountain dogwood
43	Cornus sericea	American dogwood
44	Cornus sericea ssp. occidentalis	Western dogwood
45	Cornus sericea ssp. sericea	Red osier dogwood
46	Coronilla valentina	Mediterranean crownvetch
47	Cortaderia jubata	Andean pampas grass
48	Cortaderia selloana	Pampas grass
49	Corylus cornuta	Beaked hazelnut
0	Corylus cornuta ssp. californica	Beaked hazelnut
1	Cotoneaster franchetii	Cotoneaster
2	Cotoneaster lacteus	Milkflower cotoneaster
3	Cotoneaster pannosus	Woolly cotoneaster
4	Cotula australis	Brass buttons
5	Cotula coronopifolia	Brass buttons
6	Crassula aquatica	Aquatic pygmy weed
7	Crassula connata	Sand pygmy weed
8	Crassula ovata	Jade plant
9	Crassula tillaea	Mediterranean pygmy weed
10	Crataegus monogyna	Hawthorn
11	Crepis capillaris	Smooth hawksbeard
12	Crepis monticola	Mountain hawk's beard
13	Crepis occidentalis	Western hawk's beard
14	Crepis occidentalis ssp. pumila	Largeflower hawksbeard
15	Crepis vesicaria	Beaked hawksbeard
16	Crepis vesicaria ssp. taraxacifolia	Weedy hawksbeard
17	Cressa truxillensis	Alkali weed
18	Crocanthemum scoparium	Bisbee Peak Rushrose
19	Crocanthemum scoparium var. vulgare	Bisbee Peak Rushrose
20	Crocidium multicaule	Spring gold
21	Croton setiger	Turkey-mullein
22	Crypsis schoenoides	Swamp grass
23	Crypsis vaginiflora	African prickle grass
24	Cryptantha barbigera	Bearded cryptantha
25	Cryptantha barbigera var. fergusoniae	Palm springs cryptantha
26	Cryptantha clevelandii	Common cryptantha
27	Cryptantha clevelandii var. florosa	Coastal cryptantha
28	Cryptantha flaccida	Beaked cryptantha
29	Cryptantha intermedia	Common cryptanth
30	Cryptantha micromeres	Small flowered cryptantha
31	Cryptantha microstachys	Tejon cryptantha
32	Cryptantha muricata	Prickly cryptantha
33	Cryptantha muricata var. jonesii	Jones' cryptantha
34	Cryptantha muricata var. muricata	Showy prickly-nut cryptantha
35	Cryptantha rattanii	Rattan's cryptantha
36	Cryptantha torreyana	Torrey's cryptantha
37	Cupressus sempervirens	Italian cypress
38	Cuscuta californica	California dodder
39	Cuscuta californica var. californica	Short flowered dodder
40	Cuscuta campestris	Field dodder
41	Cuscuta pacifica	Goldenthread
42	Cuscuta pacifica var. pacifica	Dodder
43	Cuscuta pentagona	Western field dodder
44	Cuscuta salina	Saltmarsh dodder
45	Cuscuta subinclusa	Canyon dodder
46	Cyclospermum leptophyllum	Marsh parsley
47	Cymbalaria muralis	Kenilworth ivy
48	Cynanchum louiseae	Louise's swallow wort
49	Cynara cardunculus	Cardoon
0	Cynodon dactylon	Bermuda grass
1	Cynoglossum grande	Houndstongue
2	Cynoglossum occidentale	Hound's tongue
3	Cynosurus echinatus	Dogtail grass
4	Cyperus eragrostis	Tall cyperus
5	Cyperus erythrorhizos	Red rooted cyperus
6	Cyperus esculentus	Nut grass
7	Cyperus involucratus	Umbrella plant
8	Cyperus niger	Brown cyperus
9	Cyperus rotundus	Nutgrass
10	Cypripedium fasciculatum	Clustered lady's slipper
11	Cypripedium montanum	Mountain lady's slipper
12	Cypselea humifusa	Panal
13	Cyrtomium falcatum	Japanese netvein hollyfern
14	Cystopteris fragilis	Brittle fern
15	Cytisus proliferus	Tree lucerne
16	Cytisus scoparius	Scotch broom
17	Dactylis glomerata	Orchardgrass
18	Danthonia californica	California oatgrass
19	Datisca glomerata	Durango root
20	Datura ferox	Chinese thornapple
21	Datura stramonium	Jimson weed
22	Datura wrightii	Jimsonweed
23	Daucus carota	Carrot
24	Daucus pusillus	Wild carrot
25	Deinandra corymbosa	Coastal tarweed
26	Deinandra floribunda	Tecate tarplant
27	Deinandra kelloggii	Kellogg's tarweed
28	Deinandra lobbii	Threeray tarweed
29	Deinandra pentactis	Salinas river tarweed
30	Delairea odorata	Cape ivy
31	Delphinium californicum	Coast larkspur
32	Delphinium californicum ssp. californicum	California larkspur
33	Delphinium californicum ssp. interius	Coastal larkspur
34	Delphinium decorum	Larkspur
35	Delphinium hesperium	Western larkspur
36	Delphinium hesperium ssp. hesperium	Western larkspur
37	Delphinium hesperium ssp. pallescens	Western larkspur
38	Delphinium nudicaule	Canyon larkspur
39	Delphinium parryi	San bernardino larkspur
40	Delphinium parryi ssp. parryi	San bernardino larkspur
41	Delphinium patens	Spreading larkspur
42	Delphinium patens ssp. montanum	Spreading larkspur
43	Delphinium patens ssp. patens	Spreading larkspur
44	Delphinium umbraculorum	Umbrella larkspur
45	Delphinium variegatum	Royal larkspur
46	Delphinium variegatum ssp. variegatum	Royal larkspur
47	Dendroalsia abietina	Dendroalsia moss
48	Dendromecon rigida	Bush poppy
49	Deschampsia cespitosa	Tufted hair grass
0	Deschampsia cespitosa ssp. holciformis	Coastal tufted hair grass
1	Deschampsia danthonioides	Annual hairgrass
2	Deschampsia elongata	Hairgrass
3	Descurainia pinnata	Yellow tansy mustard
4	Descurainia pinnata ssp. brachycarpa	Western tansymustard
5	Descurainia pinnata ssp. menziesii	Menzies' tansy mustard
6	Descurainia sophia	Herb sophia
7	Desmazeria rigida	Hard bluegrass
8	Dicentra formosa	Pacific bleedinghearts
9	Dicentra formosa ssp. formosa	Bleeding heart
10	Dichelostemma capitatum	Blue dicks
11	Dichelostemma capitatum ssp. capitatum	Wild hyacinth
12	Dichelostemma capitatum ssp. pauciflorum	Few flowered blue dicks
13	Dichelostemma congestum	Fork toothed ookow
14	Dichelostemma multiflorum	Many flowered brodiaea
15	Dichondra micrantha	Asian ponysfoot
16	Digitalis purpurea	Foxglove
17	Digitaria ischaemum	Smooth crabgrass
18	Digitaria sanguinalis	Crabgrass
19	Dimorphotheca sinuata	African daisy
20	Diplacus aridus	Low bush monkeyflower
21	Diplacus aurantiacus	Sticky monkeyflower
22	Diplacus douglasii	Purple mouse ears
23	Diplacus puniceus	Sticky monkeyflower
24	Dipsacus fullonum	Wild teasel
25	Dipsacus sativus	Indian teasel
26	Dirca occidentalis	Western leatherwood
27	Distichlis spicata	Salt grass
28	Dittrichia graveolens	Stinkwort
29	Downingia concolor	Spotted throat downingia
30	Downingia concolor var. concolor	Spotted throat downingia
31	Downingia cuspidata	Toothed downingia
32	Downingia pulchella	Flatface downingia
33	Draba verna	Whitlow grass
34	Drymocallis glandulosa	Sticky cinquefoil
35	Drymocallis glandulosa var. glandulosa	Sticky cinquefoil
36	Drymocallis glandulosa var. wrangelliana	Sticky cinquefoil
37	Dryopteris arguta	Wood fern
38	Dryopteris expansa	Spreading wood fern
39	Duchesnea indica	Mock strawberry
40	Dudleya abramsii	Abrams' dudleya
41	Dudleya abramsii ssp. abramsii	Abrams' dudleya
42	Dudleya abramsii ssp. setchellii	Santa clara valley dudleya
43	Dudleya caespitosa	Sand lettuce
44	Dudleya cymosa	Rock lettuce
45	Dudleya cymosa ssp. cymosa	Canyon dudleya
46	Dudleya cymosa ssp. paniculata	Diablo range dudleya
47	Dysphania ambrosioides	Mexican tea
48	Dysphania botrys	Jerusalem oak goosefoot
49	Dysphania multifida	Cut leaved goosefoot
0	Dysphania pumilio	Tasmanian goosefoot
1	Echinochloa colona	Jungle rice
2	Echinochloa crus-galli	Barnyard grass
3	Echinochloa crus-pavonis	Gulf cockspur grass
4	Echinochloa muricata	Rough barnyard grass
5	Echinochloa muricata var. microstachya	Rough barnyardgrass
6	Echinodorus berteroi	Burhead
7	Echium plantagineum	Salvation echium
8	Eclipta prostrata	False daisy
9	Egeria densa	Brazilian water weed
10	Ehrendorferia chrysantha	Golden eardrops
11	Ehrharta erecta	Upright veldt grass
12	Elatine brachysperma	Short seed waterwort
13	Elatine californica	California waterwort
14	Eleocharis acicularis	Needle spikerush
15	Eleocharis macrostachya	Spike rush
16	Eleocharis montevidensis	Montevideo spike rush
17	Eleocharis palustris	Common spikerush
18	Eleocharis rostellata	Walking sedge
19	Eleusine indica	Goose grass
20	Elymus caput-medusae	Medusa head
21	Elymus condensatus	Giant wild rye
22	Elymus elymoides	Squirrel tail grass
23	Elymus elymoides var. californicus	Squirrel tail grass
24	Elymus glaucus	Blue wildrye
25	Elymus glaucus ssp. glaucus	Blue wild rye
26	Elymus hispidus	Intermediate wheatgrass
27	Elymus multisetus	Big squirreltail grass
28	Elymus ponticus	Tall wheat grass
29	Elymus repens	Quack grass
30	Elymus trachycaulus	Slender wheatgrass
31	Elymus triticoides	Beardless wild rye
32	Elymus ×gouldii	Many flowered wild rye
33	Elymus ×hansenii	
34	Emmenanthe penduliflora	Whispering bells
35	Emmenanthe penduliflora var. penduliflora	Whispering bells
36	Emmenanthe penduliflora var. rosea	Pink whispering bells
37	Enemion occidentale	Western false rue anemone
38	Enemion stipitatum	Siskiyou false rue anemone
39	Ephedra californica	Desert tea
40	Epilobium brachycarpum	Willow herb
41	Epilobium campestre	Smooth boisduvalia
42	Epilobium canum	California fuchsia, zauschneria
43	Epilobium canum ssp. canum	California fuchsia
44	Epilobium canum ssp. latifolium	California fushia
45	Epilobium ciliatum	Slender willow herb
46	Epilobium ciliatum ssp. ciliatum	Willow herb
47	Epilobium ciliatum ssp. watsonii	Willow herb
48	Epilobium cleistogamum	Cleistogamous boisduvalia
49	Epilobium densiflorum	Willow herb
0	Epilobium foliosum	California willowherb
1	Epilobium minutum	Minute willowherb
2	Epilobium torreyi	Narrow boisduvalia
3	Epipactis gigantea	Stream orchid
4	Epipactis helleborine	Helleborine
5	Equisetum arvense	Common horsetail
6	Equisetum hyemale	Scouringrush horsetail
7	Equisetum hyemale ssp. affine	Giant scouring rush
8	Equisetum laevigatum	Smooth scouring rush
9	Equisetum telmateia	Giant horsetail
10	Equisetum telmateia ssp. braunii	Giant horsetail
11	Eragrostis cilianensis	Stinkgrass
12	Eragrostis mexicana	Mexican lovegrass
13	Eragrostis mexicana ssp. virescens	Orcutt's eragrostis
14	Eragrostis pectinacea	Tufted lovegrass
15	Eragrostis pectinacea var. pectinacea	Tufted lovegrass
16	Eremothera boothii	Booth's sun cup
17	Eriastrum abramsii	Abrams' eriastrum
18	Eriastrum pluriflorum	Many flowered eriastrum
19	Eriastrum tracyi	Tracy's eriastrum
20	Ericameria arborescens	Golden fleece
21	Ericameria ericoides	Mock heather
22	Ericameria linearifolia	Interior goldenbush
23	Ericameria nauseosa	Rubber rabbitbrush
24	Ericameria nauseosa ssp. consimilis	Rubber rabbitbrush
25	Ericameria nauseosa var. mohavensis	Mojave rabbitbrush
26	Ericameria nauseosa var. oreophila	Rubber rabbitbrush
27	Ericameria nauseosa var. speciosa	Rubber rabbitbrush
28	Ericameria parryi	Parry's rabbitbrush
29	Ericameria parryi var. latior	Parry's rabbitbrush
30	Erigeron bonariensis	Flax-leaved horseweed
31	Erigeron canadensis	Canada horseweed
32	Erigeron foliosus	Leafy daisy
33	Erigeron foliosus var. foliosus	Thread stemmed fleabane
34	Erigeron foliosus var. franciscensis	San francisco leafy fleabane
35	Erigeron glaucus	Seaside daisy
36	Erigeron karvinskianus	Latin american fleabane
37	Erigeron petrophilus	Cliff fleabane
38	Erigeron petrophilus var. petrophilus	Cliff fleabane
39	Erigeron philadelphicus	Philadelphia fleabane
40	Erigeron philadelphicus var. philadelphicus	Philadelphia fleabane
41	Eriodictyon californicum	Yerba santa
42	Eriogonum angulosum	Angled stem buckwheat
43	Eriogonum argillosum	Clay loving buckwheat
44	Eriogonum covilleanum	Coville's buckwheat
45	Eriogonum elegans	Elegant buckwheat
46	Eriogonum elongatum	Longstem buckwheat
47	Eriogonum elongatum var. elongatum	Long stemmed buckwheat
48	Eriogonum fasciculatum	California buckwheat
49	Eriogonum fasciculatum var. foliolosum	California buckwheat
0	Eriogonum fasciculatum var. polifolium	California buckwheat
1	Eriogonum giganteum	St. Catherine's lace
2	Eriogonum gracile	Slender buckwheat
3	Eriogonum gracile var. gracile	Slender buckwheat
4	Eriogonum inerme	Unarmed buckwheat
5	Eriogonum inflatum	Desert trumpet
6	Eriogonum luteolum	Wicker buckwheat
7	Eriogonum luteolum var. luteolum	Golden buckwheat
8	Eriogonum nudum	Naked buckwheat
9	Eriogonum nudum var. auriculatum	Nude buckwheat
10	Eriogonum nudum var. decurrens	Ben lomond buckwheat
11	Eriogonum nudum var. nudum	Nude buckwheat
12	Eriogonum roseum	Wand buckwheat
13	Eriogonum saxatile	Rock buckwheat
14	Eriogonum umbellatum	Sulphur buckwheat
15	Eriogonum umbellatum var. bahiiforme	Sulphur buckwheat
16	Eriogonum vimineum	Wicker stemmed eriogonum
17	Eriogonum wrightii	Wright's buckwheat
18	Eriogonum wrightii var. membranaceum	Wright s buckwheat
19	Eriogonum wrightii var. subscaposum	Wright's buckwheat
20	Eriogonum wrightii var. trachygonum	Wright s buckwheat
21	Eriophyllum confertiflorum	Yellow yarrow
22	Eriophyllum confertiflorum var. confertiflorum	Golden yarrow
23	Eriophyllum jepsonii	Jepson's woolly sunflower
24	Eriophyllum lanatum	Wooly sunflower
25	Eriophyllum lanatum var. achilleoides	Yarrow leaved woolly sunflower
26	Eriophyllum lanatum var. arachnoideum	Wooly sunflower
27	Eriophyllum latilobum	San mateo woolly sunflower
28	Eriophyllum staechadifolium	Lizard tail
29	Erodium botrys	Big heron bill
30	Erodium brachycarpum	White stemmed filaree
31	Erodium cicutarium	Coastal heron's bill
32	Erodium moschatum	Whitestem filaree
33	Eryngium aristulatum	Jepson's button celery
34	Eryngium aristulatum var. aristulatum	Jepson's button celery
35	Eryngium aristulatum var. hooveri	Hoover's button celery
36	Eryngium castrense	Great valley button celery
37	Eryngium vaseyi	Coyote thistle
38	Erysimum capitatum	Wallflower
39	Erysimum capitatum var. capitatum	Sanddune wallflower
40	Erysimum capitatum var. lompocense	San luis obispo wallflower
41	Erysimum capitatum var. purshii	Pursh's wallflower
42	Erysimum franciscanum	Franciscan wallflower
43	Erysimum teretifolium	Santa cruz wallflower
44	Erythranthe cardinalis	Cardinal monkey flower
45	Eschscholzia caespitosa	Tufted eschscholzia
46	Eschscholzia californica	California poppy
47	Eschscholzia hypecoides	Leafy stemmed poppy
48	Eschscholzia lobbii	Frying pans
49	Eschscholzia procera	Kernville poppy
0	Eucalyptus camaldulensis	Red gum
1	Eucalyptus globulus	Blue gum
2	Eucalyptus grandis	Grand eucalyptus
3	Eucalyptus sideroxylon	Red iron bark
4	Eucrypta chrysanthemifolia	Spotted eucrypta
5	Eucrypta chrysanthemifolia var. chrysanthemifolia	Common eucrypta
6	Euphorbia crenulata	Chinesecaps
7	Euphorbia lathyris	Gopher plant
8	Euphorbia maculata	Spotted spurge
9	Euphorbia marginata	Snow on the mountain
10	Euphorbia oblongata	Eggleaf spurge
11	Euphorbia ocellata	Contura creek spurge
12	Euphorbia peplus	Petty spurge
13	Euphorbia prostrata	Prostrate sandmat
14	Euphorbia serpyllifolia	Thyme-leafed spurge
15	Euphorbia spathulata	Reticulate seeded spurge
16	Eurybia radulina	Roughleaf aster
17	Euthamia occidentalis	Western goldenrod
18	Extriplex joaquinana	San Joaquin spearscale
19	Festuca arundinacea	Reed fescue
20	Festuca bromoides	Brome fescue
21	Festuca californica	California fescue
22	Festuca elmeri	Coast fescue
23	Festuca idahoensis	Blue fescue
24	Festuca microstachys	Small fescue
25	Festuca myuros	Rattail sixweeks grass
26	Festuca occidentalis	Western fescue
27	Festuca octoflora	Sixweeks grass
28	Festuca perennis	Italian rye grass
29	Festuca pratensis	Meadow fescue
30	Festuca rubra	Red fescue
31	Festuca temulenta	Darnel, tares
32	Ficus carica	Common fig
33	Foeniculum vulgare	Fennel
34	Forestiera pubescens	Desert olive
35	Fragaria vesca	Wild strawberry
36	Frangula californica	California coffeeberry
37	Frangula californica ssp. californica	California coffeeberry
38	Frangula californica ssp. tomentella	Hoary coffeeberry
39	Frangula purshiana	Cascara sagrada
40	Frankenia salina	Yerba reuma, alkali heath
41	Fraxinus dipetala	Two petaled ash
42	Fraxinus latifolia	Oregon ash
43	Fraxinus velutina	Arizona ash
44	Freesia corymbosa	Common freesia
45	Fremontodendron californicum	California fremontia
46	Fremontodendron mexicanum	Mexican flannelbush
47	Fritillaria affinis	Checker lily
48	Fritillaria falcata	Talus fritillary
49	Fritillaria lanceolata var. tristulis	Marin checker lily
0	Fritillaria liliacea	Fragrant fritillary
1	Fumaria capreolata	White ramping fumitory
2	Fumaria muralis	Wall fumitory
3	Fumaria officinalis	Fumitory
4	Fumaria parviflora	Fine leaved fumitory
5	Galium andrewsii	Phlox leaved bedstraw
6	Galium andrewsii ssp. andrewsii	Phlox leaved bedstraw
7	Galium andrewsii ssp. gatense	Serpentine bedstraw
8	Galium aparine	Cleavers
9	Galium californicum	California bedstraw
10	Galium californicum ssp. californicum	California bedstraw
11	Galium divaricatum	Lamarck's bedstraw
12	Galium mexicanum	Mexican bedstraw
13	Galium murale	Tiny bedstraw
14	Galium nuttallii	Climbing bedstraw
15	Galium parisiense	Wall bedstraw
16	Galium porrigens	Climbing bedstraw
17	Galium porrigens var. porrigens	Graceful bedstraw
18	Galium porrigens var. tenue	Graceful bedstraw
19	Galium schultesii	Schultes' bedstraw
20	Galium triflorum	Sweet bedstraw
21	Galium verum	Ladie's bedstraw
22	Gamochaeta ustulata	Featherweed
23	Garrya congdonii	Silk tassel
24	Garrya elliptica	Coast silk tassel
25	Garrya flavescens	Ashy silk tassel
26	Garrya fremontii	Fremont's silk tassel
27	Gastridium phleoides	Nit grass
28	Gazania linearis	Gazania
29	Genista monspessulana	French broom
30	Geranium bicknellii	Bicknell's geranium
31	Geranium carolinianum	Carolina geranium
32	Geranium dissectum	Wild geranium
33	Geranium molle	Crane's bill geranium
34	Geranium purpureum	Herb robert
35	Geranium pusillum	Small flowered geranium
36	Geranium robertianum	Robert's geranium
37	Gilia achilleifolia	California gilia
38	Gilia achilleifolia ssp. achilleifolia	California gilia
39	Gilia achilleifolia ssp. multicaulis	Many stemmed gilia
40	Gilia capitata	Blue field gilia
41	Gilia capitata ssp. abrotanifolia	Ball gilia
42	Gilia capitata ssp. capitata	Blue field gilia
43	Gilia capitata ssp. staminea	Globe gilia
44	Gilia capitata ssp. tomentosa	Hairy blue field gilia
45	Gilia clivorum	Purple spot gilia
46	Gilia tricolor	Bird's eyes
47	Gilia tricolor ssp. diffusa	Bird's eyes
48	Gilia tricolor ssp. tricolor	Bird's eyes
49	Githopsis diffusa	San gabriel bluecup
0	Githopsis diffusa ssp. robusta	San gabriel bluecup
1	Githopsis specularioides	Venus' looking glass
2	Gladiolus italicus	Italian gladiolus
3	Glaucium flavum	Yellow horned poppy
4	Glebionis coronaria	Crown daisy
5	Glechoma hederacea	Ground ivy
6	Glinus lotoides	Lotus sweetjuice
7	Glycyrrhiza glabra	Licorice
8	Glycyrrhiza lepidota	Lichorice
9	Gnaphalium palustre	Lowland cudweed
10	Grindelia camporum	Gumweed
11	Grindelia hirsutula	Gumweed
12	Grindelia hirsutula var. maritima	San francisco gumplant
13	Grindelia stricta	Gumweed
14	Grindelia stricta var. angustifolia	Marsh gumplant
15	Gutierrezia californica	Matchweed, snakeweed
16	Hainardia cylindrica	Thin tail
17	Hedera canariensis	Canary ivy
18	Hedera helix	English ivy
19	Hedypnois cretica	Crete weed
20	Hedypnois rhagadioloides	Crete weed
21	Helenium bigelovii	Bigelow's sneezeweed
22	Helenium puberulum	Sneezeweed
23	Helianthella californica	California helianthella
24	Helianthella californica var. californica	California helianthella
25	Helianthella castanea	Diablo helianthella
26	Helianthemum scoparium	Broom rose
27	Helianthemum suffrutescens	Bisbee peak rush rose
28	Helianthus annuus	Hairy leaved sunflower
29	Helianthus bolanderi	Bolander's sunflower
30	Helianthus californicus	California sunflower
31	Helianthus exilis	Serpentine sunflower
32	Heliotropium curassavicum	Chinese parsley
33	Heliotropium curassavicum var. oculatum	Seaside heliotrope
34	Helminthotheca echioides	Bristly ox-tongue
35	Hemizonella minima	Opposite leaved tarweed
36	Hemizonia congesta	Hayfield tarweed
37	Hemizonia congesta ssp. congesta	Hayfield tarweed
38	Hemizonia congesta ssp. lutescens	Hayfield tarweed
39	Hemizonia congesta ssp. luzulifolia	Woodrush tarweed
40	Heracleum maximum	Common cowparsnip
41	Herniaria hirsuta	Herniaria
42	Herniaria hirsuta var. cinerea	Herniaria
43	Hesperevax acaulis	Dwarf evax
44	Hesperevax acaulis var. acaulis	Dwarf evax
45	Hesperevax acaulis var. ambusticola	Fire evax
46	Hesperevax caulescens	Hogwallow starfish
47	Hesperevax sparsiflora	Few flowered evax
48	Hesperevax sparsiflora var. sparsiflora	Few flowered evax
49	Hesperocnide tenella	Western stinging nettle
0	Hesperocyparis abramsiana	Santa cruz cypress
1	Hesperocyparis macrocarpa	Monterey cypress
2	Hesperocyparis sargentii	Sargent cypress
3	Hesperolinon clevelandii	Allen springs western flax
4	Hesperolinon disjunctum	Coast range western flax
5	Hesperolinon micranthum	Small flower western flax
6	Hesperolinon spergulinum	Slender western flax
7	Heterocodon rariflorum	Heterocodon
8	Heteromeles arbutifolia	Toyon
9	Heterotheca grandiflora	Telegraph weed
10	Heterotheca oregona	Oregon golden aster
11	Heterotheca oregona var. compacta	Compact oregon goldenaster
12	Heterotheca oregona var. scaberrima	Rough oregon goldenaster
13	Heterotheca sessiliflora	Golden aster
14	Heterotheca sessiliflora ssp. echioides	Bristly goldenaster
15	Heterotheca sessiliflora ssp. sessiliflora	False goldenaster
16	Heuchera micrantha	Alum root
17	Hieracium albiflorum	White flowered hawkweed
18	Hirschfeldia incana	Mustard
19	Hoita macrostachya	California hemp
20	Hoita orbicularis	Creeping leather root
21	Hoita strobilina	Loma prieta psoralea
22	Holcus lanatus	Common velvetgrass
23	Holocarpha heermannii	Heermann's tarweed
24	Holocarpha obconica	San joaquin tarweed
25	Holocarpha virgata	Narrow tarplant
26	Holocarpha virgata ssp. virgata	Narrow tarplant
27	Holodiscus discolor	Oceanspray
28	Holodiscus discolor var. discolor	Oceanspray
29	Holodiscus discolor var. glabrescens	Rock spiraea
30	Holozonia filipes	Holozonia
31	Hordeum brachyantherum	Meadow barley
32	Hordeum brachyantherum ssp. brachyantherum	Meadow barley
33	Hordeum brachyantherum ssp. californicum	Meadow barley
34	Hordeum depressum	Alkali barley
35	Hordeum jubatum	Fox tail barley
36	Hordeum marinum	Seaside barley
37	Hordeum marinum ssp. gussoneanum	Barley
38	Hordeum murinum	Foxtail barley
39	Hordeum murinum ssp. glaucum	Foxtail
40	Hordeum murinum ssp. leporinum	Farmer's foxtail
41	Hordeum vulgare	Common barley
42	Horkelia californica	California horkelia
43	Horkelia californica var. frondosa	California horkelia
44	Horkelia cuneata	Wedge leaved horkelia
45	Horkelia cuneata var. sericea	Kellogg's horkelia
46	Hosackia crassifolia	Broad leaved lotus
47	Hosackia crassifolia var. crassifolia	Broad leaved lotus
48	Hosackia gracilis	Harlequin lotus
49	Hosackia stipularis	Stipulate lotus
0	Hosackia stipularis var. stipularis	Stipulate lotus
1	Hulsea heterochroma	Red rayed hulsea
2	Hydrocotyle ranunculoides	Marsh pennywort
3	Hydrophyllum occidentale	Western waterleaf
4	Hypericum anagalloides	Creeping St. John's wort
5	Hypericum calycinum	Aaron's beard
6	Hypericum concinnum	Gold wire
7	Hypericum perforatum	Klamathweed
8	Hypericum scouleri	Scouler's st john's wort
9	Hypochaeris glabra	Smooth cats ear
10	Hypochaeris radicata	Hairy cats ear
11	Idahoa scapigera	Oldstem idahoa
12	Ilex aquifolium	Holly
13	Ipomoea purpurea	Common morning glory
14	Iris douglasiana	Douglas iris
15	Iris fernaldii	Fernald's iris
16	Iris foetidissima	Stinking iris
17	Iris longipetala	Coast iris
18	Iris macrosiphon	Ground iris
19	Iris pseudacorus	Horticultural iris
20	Isocoma menziesii	White flowered goldenbush
21	Isocoma menziesii var. diabolica	Satan's goldenbush
22	Isocoma menziesii var. vernonioides	Green leaved dune goldenbush
23	Isoetes howellii	Quillwort
24	Isolepis carinata	Keeled bulrush
25	Iva axillaris	Povertyweed
26	Ivesia shockleyi	Sky mousetail
27	Ivesia shockleyi var. shockleyi	Shockley's ivesia
28	Jaumea carnosa	Marsh jaumea
29	Jensia yosemitana	Yosemite tarplant
30	Juglans hindsii	Northern california black walnut
31	Juglans regia	English walnut
32	Juncus acutus	Spiny rush
33	Juncus ambiguus	Saline toad rush
34	Juncus balticus	Wire rush
35	Juncus balticus ssp. ater	Baltic rush
36	Juncus bolanderi	Bolander's rush
37	Juncus bufonius	Common toad rush
38	Juncus bufonius var. bufonius	Toad rush
39	Juncus bufonius var. congestus	Clustered toad rush
40	Juncus bufonius var. occidentalis	Round fruited toad rush
41	Juncus effusus	Common bog rush
42	Juncus effusus ssp. pacificus	Pacific rush
43	Juncus hesperius	Coast or bog rush
44	Juncus mexicanus	Mexican rush
45	Juncus occidentalis	Slender juncus
46	Juncus patens	Rush
47	Juncus phaeocephalus	Brown headed rush
48	Juncus phaeocephalus var. paniculatus	Rush
49	Juncus tenuis	Slender rush
0	Juncus xiphioides	Iris leaved rush
1	Juniperus californica	California juniper
2	Juniperus communis	Common juniper
3	Keckiella breviflora	Gaping keckiella
4	Keckiella breviflora var. breviflora	Gaping penstemon
5	Keckiella corymbosa	Red beardtongue
6	Kickxia elatine	Sharp point fluellin
7	Kickxia spuria	Fluellin
8	Kniphofia uvaria	Redhot poker
9	Koeleria macrantha	June grass
10	Kopsiopsis strobilacea	California ground-cone
11	Krameria bicolor	White rhatany
12	Lactuca saligna	Willow lettuce
13	Lactuca sativa	Garden lettuce
14	Lactuca serriola	Prickly lettuce
15	Lactuca virosa	Poison wild lettuce
16	Laennecia coulteri	Coulter's horseweed
17	Lagophylla ramosissima	Common hareleaf
18	Lamarckia aurea	Goldentop
19	Lamium amplexicaule	Henbit
20	Lantana camara	Lantana
21	Lantana montevidensis	Trailing lantana
22	Lasthenia californica	Goldfields
23	Lasthenia californica ssp. californica	California goldfields
24	Lasthenia conjugens	Contra costa goldfields
25	Lasthenia glaberrima	Smooth goldfields
26	Lasthenia glabrata	Yellow rayed goldfields
27	Lasthenia glabrata ssp. glabrata	Yellow rayed goldfields
28	Lasthenia gracilis	Needle goldfields
29	Lasthenia maritima	Maritime goldfields
30	Lasthenia minor	Coastal goldfields
31	Lathyrus cicera	Red peavine
32	Lathyrus hirsutus	Caley pea
33	Lathyrus jepsonii	Tule pea
34	Lathyrus jepsonii var. californicus	California tule pea
35	Lathyrus jepsonii var. jepsonii	Delta tule pea
36	Lathyrus latifolius	Sweet pea
37	Lathyrus odoratus	Common sweet pea
38	Lathyrus tingitanus	Tangier pea
39	Lathyrus vestitus	Common pacific pea
40	Lathyrus vestitus var. vestitus	Hillside pea
41	Laurus nobilis	Sweet bay
42	Lavatera assurgentiflora	Malva rosa
43	Lavatera assurgentiflora ssp. assurgentiflora	Island mallow
44	Layia chrysanthemoides	Smooth tidy tips
45	Layia gaillardioides	Woodland layia
46	Layia hieracioides	Hawkweed layia
47	Layia platyglossa	Tidy tips
48	Legenere limosa	Legenere
49	Lemna minor	Smaller duckweed
0	Lemna minuta	Least duckweed
1	Leontodon saxatilis	Hawkbit
2	Lepechinia calycina	Pitcher sage
3	Lepidium appelianum	Hairy whitetop
4	Lepidium chalepense	Lens-podded hoary cress
5	Lepidium didymum	Lesser swine cress
6	Lepidium draba	Whitetop
7	Lepidium latifolium	Perennial pepperweed
8	Lepidium latipes	Dwarf pepper grass
9	Lepidium nitidum	Shining pepper grass
10	Lepidium oblongum	Veiny pepper grass
11	Lepidium oxycarpum	Sharp podded pepper grass
12	Lepidium perfoliatum	Klamath pepper grass
13	Lepidium strictum	Peppergrass
14	Lepidium virginicum	Wild pepper grass
15	Lepidospartum squamatum	Scalebroom
16	Leptosiphon acicularis	Bristly leptosiphon
17	Leptosiphon ambiguus	Serpentine leptosiphon
18	Leptosiphon androsaceus	False babystars
19	Leptosiphon bicolor	True babystars
20	Leptosiphon bolanderi	Bolander's linanthus
21	Leptosiphon ciliatus	Whiskerbrush
22	Leptosiphon filipes	Thread linanthus
23	Leptosiphon grandiflorus	Large flowered leptosiphon
24	Leptosiphon liniflorus	Narrowflower flaxflower
25	Leptosiphon parviflorus	Variable linanthus
26	Leptosiphon pygmaeus	Pygmy linanthus
27	Leptosiphon pygmaeus ssp. continentalis	Pygmy linanthus
28	Leptosiphon pygmaeus ssp. pygmaeus	Pygmy leptosiphon
29	Leptospermum laevigatum	Australian tea tree
30	Leptosyne californica	California coreopsis
31	Leptosyne douglasii	Douglas' coreopsis
32	Leptosyne hamiltonii	Mt. hamilton coreopsis
33	Leptosyne stillmanii	Stillman's coreopsis
34	Lessingia arachnoidea	Crystal springs lessingia
35	Lessingia hololeuca	Woolly headed lessingia
36	Lessingia micradenia	Little glandular lessingia
37	Lessingia micradenia var. glabrata	Smooth lessingia
38	Lessingia nemaclada	Thread stem lessingia
39	Lessingia pectinata	
40	Lessingia pectinata var. tenuipes	Sticky lessingia
41	Lessingia tenuis	Spring lessingia
42	Leucojum aestivum	Summer snowflake
43	Lewisia rediviva	Bitter root
44	Lewisia rediviva var. rediviva	Bitter root
45	Ligusticum apiifolium	Celery leaved lovage
46	Ligustrum lucidum	Glossy privet
47	Ligustrum sinense	Chinese privet
48	Ligustrum vulgare	European privet
49	Lilium pardalinum	California tiger lily
0	Lilium rubescens	Chaparral lily
1	Limnanthes douglasii	Common meadow foam
2	Limnanthes douglasii ssp. douglasii	Douglas' meadowfoam
3	Limnanthes douglasii ssp. nivea	Snow white meadowfoam
4	Limnanthes douglasii ssp. rosea	Rosy douglas' meadowfoam
5	Limonium californicum	Marsh rosemary
6	Limonium perezii	Canarian sea lavender
7	Limonium ramosissimum	Algerian sealavender
8	Limonium sinuatum	Statice
9	Limosella acaulis	Stemless mudwort
10	Limosella aquatica	Northern mudwort
11	Linanthus dianthiflorus	Fringed linanthus
12	Linanthus dichotomus	Evening snow
13	Linanthus dichotomus ssp. meridianus	Evening snow
14	Linaria maroccana	Moroccan toad flax
15	Linaria purpurea	Purple toad flax
16	Linum bienne	Flax
17	Linum grandiflorum	Flowering flax
18	Linum lewisii	Lewis' flax
19	Linum usitatissimum	Common flax
20	Liquidambar styraciflua	Sweetgum
21	Lithophragma affine	Common woodland star
22	Lithophragma bolanderi	Hillstar
23	Lithophragma heterophyllum	Woodland star
24	Lithophragma parviflorum	Pink woodland star
25	Lobularia maritima	Sweet alyssum
26	Logfia filaginoides	California cottonrose
27	Logfia gallica	Narrowleaf cottonrose
28	Lolium rigidum	Rigid italian rye grass
29	Lomatium californicum	Celery weed
30	Lomatium caruifolium	Caraway leaved lomatium
31	Lomatium caruifolium var. caruifolium	Caraway leaved lomatium
32	Lomatium dasycarpum	Lace parsnip
33	Lomatium dasycarpum ssp. dasycarpum	Woolly fruited lomatium
34	Lomatium macrocarpum	Large fruited lomatium
35	Lomatium nudicaule	Pestle lomatium
36	Lomatium observatorium	Mt. hamilton lomatium
37	Lomatium parvifolium	Small leaved lomatium
38	Lomatium utriculatum	Hog fennel
39	Lomatium vaginatum	Sheathed lomatium
40	Lonicera hispidula	Pink honeysuckle
41	Lonicera interrupta	Chaparral honeysuckle
42	Lonicera involucrata	Coast twinberry
43	Lonicera involucrata var. ledebourii	Coast twinberry
44	Lonicera japonica	Japanese honeysuckle
45	Lonicera subspicata	Southern honeysuckle
46	Lonicera subspicata var. denudata	Johnston's honeysuckle
47	Lotus corniculatus	Bird's foot trefoil
48	Lotus tenuis	Narrow-leaf bird's-foot trefoil
49	Ludwigia peploides	Marsh purslane
0	Ludwigia peploides ssp. montevidensis	Floating water primrose
1	Lunaria annua	Annual moonwort
2	Lupinus adsurgens	Drew's silky lupine
3	Lupinus adsurgens var. adsurgens	Drew's silky lupine
4	Lupinus affinis	Fleshy lupine
5	Lupinus albifrons	Silver bush lupine
6	Lupinus albifrons var. albifrons	Silver bush lupine
7	Lupinus albifrons var. collinus	Silver bush lupine
8	Lupinus arboreus	Coastal bush lupine
9	Lupinus bicolor	Lupine
10	Lupinus formosus	Western lupine
11	Lupinus formosus var. formosus	Western lupine
12	Lupinus hirsutissimus	Stinging lupine
13	Lupinus latifolius	Broad leaf lupine
14	Lupinus latifolius var. columbianus	Broad leaved lupine
15	Lupinus latifolius var. dudleyi	Canyon lupine
16	Lupinus latifolius var. latifolius	Broad leaf lupine
17	Lupinus microcarpus	Chick lupine
18	Lupinus microcarpus var. densiflorus	Chick lupine
19	Lupinus microcarpus var. microcarpus	Chick lupine
20	Lupinus nanus	Valley sky lupine
21	Lupinus pachylobus	Big pod lupine
22	Lupinus rivularis	Riverbank lupine
23	Lupinus succulentus	Arroyo lupine
24	Lupinus truncatus	Blunt leaved lupine
25	Lupinus variicolor	Varied lupine
26	Luzula comosa	Hairy wood rush
27	Luzula comosa var. comosa	Hairy wood rush
28	Luzula subsessilis	Pacific woodrush
29	Lychnis coronaria	Rose campion
30	Lycium barbarum	Matrimony vine
31	Lycium fremontii	Fremont box thorn
32	Lysimachia arvensis	Scarlet pimpernel
33	Lysimachia latifolia	Pacific starflower
34	Lysimachia minima	Chaffweed
35	Lythrum californicum	Common loosestrife
36	Lythrum hyssopifolia	Hyssop loosestrife
37	Lythrum salicaria	Purple loosestrife
38	Madia citriodora	Lemon scented tarweed
39	Madia elegans	Common madia
40	Madia exigua	Small tarweed
41	Madia gracilis	Gumweed
42	Madia sativa	Coastal tarweed
43	Maianthemum racemosum	Feathery false lily of the valley
44	Maianthemum stellatum	Starry false lily of the valley
45	Malacothamnus aboriginum	Indian Valley bush mallow
46	Malacothamnus arcuatus	Arcuate bush mallow
47	Malacothamnus clementinus	San Clemente Island bush mallow
48	Malacothamnus davidsonii	Davidson's bush mallow
49	Malacothamnus fasciculatus	Chaparral bush mallow
0	Malacothamnus fasciculatus var. fasciculatus	Chaparral bush mallow
1	Malacothamnus fasciculatus var. nuttallii	Nuttall's bush mallow
2	Malacothamnus fremontii	Fremont's bush mallow
3	Malacothamnus hallii	Hall's bush mallow
4	Malacothamnus helleri	Heller's bush mallow
5	Malacothamnus mendocinensis	Mendocino bush mallow
6	Malacothamnus parishii	Parish's bush mallow
7	Malacothrix clevelandii	Cleveland's malacothrix
8	Malacothrix floccifera	Woolly malacothrix
9	Malosma laurina	Laurel sumac
10	Malus pumila	Paradise apple
11	Malva arborea	Tree mallow
12	Malva assurgentiflora	Island mallow
13	Malva nicaeensis	Bull mallow
14	Malva parviflora	Cheeseweed
15	Malva pseudolavatera	Cretan mallow
16	Malvella leprosa	Alkali mallow
17	Marah fabacea	California man-root
18	Marah oregana	Coast man-root
19	Marrubium vulgare	White horehound
20	Marsilea vestita	Hairy waterclover
21	Marsilea vestita ssp. vestita	Hairy pepperwort
22	Matricaria discoidea	Pineapple weed
23	Matthiola incana	Stock
24	Meconella denticulata	Small flowered meconella
25	Meconella oregana	White fairypoppy
26	Medicago arabica	Spotted burclover
27	Medicago lupulina	Black medick
28	Medicago orbicularis	Round leafed medick
29	Medicago polymorpha	California burclover
30	Medicago sativa	Alfalfa
31	Medicago sativa ssp. falcata	Yellow alfalfa
32	Medicago sativa ssp. sativa	Alfalfa
33	Melia azedarach	China berry tree
34	Melica bulbosa	Oniongrass
35	Melica californica	California melic
36	Melica geyeri	Geyer's onion grass
37	Melica geyeri var. geyeri	Geyer's oniongrass
38	Melica harfordii	Harford's melic
39	Melica imperfecta	Coast range melic
40	Melica subulata	Alaska melic
41	Melica torreyana	Torrey's melica
42	Melilotus albus	White sweetclover
43	Melilotus indicus	Annual yellow sweetclover
44	Melilotus officinalis	Yellow sweetclover
45	Melissa officinalis	Lemon balm
46	Mentha aquatica	Water mint
47	Mentha pulegium	Pennyroyal
48	Mentha spicata	Spearmint
49	Mentha suaveolens	Apple mint
